<?xml version="1.0" encoding="UTF-8"?>
<project-private xmlns="http://www.netbeans.org/ns/project-private/1">
    <editor-bookmarks xmlns="http://www.netbeans.org/ns/editor-bookmarks/2" lastBookmarkId="0"/>
    <open-files xmlns="http://www.netbeans.org/ns/projectui-open-files/2">
        <group>
            <file>file:/C:/Users/tupap/OneDrive/Documentos/NetBeansProjects/SistemaReservasHotel/src/sistemareservashotel/SistemaReservasHotel.java</file>
            <file>file:/C:/Users/tupap/OneDrive/Documentos/NetBeansProjects/SistemaReservasHotel/src/businessentity/habitacion.java</file>
            <file>file:/C:/Users/tupap/OneDrive/Documentos/NetBeansProjects/SistemaReservasHotel/src/businessentity/cliente.java</file>
            <file>file:/C:/Users/tupap/OneDrive/Documentos/NetBeansProjects/SistemaReservasHotel/src/businessentity/factura.java</file>
            <file>file:/C:/Users/tupap/OneDrive/Documentos/NetBeansProjects/SistemaReservasHotel/src/businessentity/reserva.java</file>
            <file>file:/C:/Users/tupap/OneDrive/Documentos/NetBeansProjects/SistemaReservasHotel/src/conexion/conexion.java</file>
            <file>file:/C:/Users/tupap/OneDrive/Documentos/NetBeansProjects/SistemaReservasHotel/src/conexion/testconexion.java</file>
            <file>file:/C:/Users/tupap/OneDrive/Documentos/NetBeansProjects/SistemaReservasHotel/src/dao/ibasedao.java</file>
            <file>file:/C:/Users/tupap/OneDrive/Documentos/NetBeansProjects/SistemaReservasHotel/src/dao/clientedao.java</file>
            <file>file:/C:/Users/tupap/OneDrive/Documentos/NetBeansProjects/SistemaReservasHotel/src/dao/habitaciondao.java</file>
            <file>file:/C:/Users/tupap/OneDrive/Documentos/NetBeansProjects/SistemaReservasHotel/src/dao/reservadao.java</file>
            <file>file:/C:/Users/tupap/OneDrive/Documentos/NetBeansProjects/SistemaReservasHotel/src/dao/facturadao.java</file>
        </group>
    </open-files>
</project-private>
